{"version": "1", "message": "ERROR: Hidden Testcases server unreachable.", "problem_id": "m20_a1", "user_id": "pvsteja", "score": {"sample": {"0": {"execution_time": 0.17653179168701172, "passed": false}, "1": {"execution_time": 0.1725461483001709, "passed": false}, "2": {"execution_time": 0.15929222106933594, "passed": false}, "3": {"execution_time": 0.201462984085083, "passed": false}, "4": {"execution_time": 0.17256855964660645, "passed": false}, "5": {"execution_time": 0.168137788772583, "passed": true}, "6": {"execution_time": 0.1737046241760254, "passed": true}, "7": {"execution_time": 0.18849611282348633, "passed": true}, "8": {"execution_time": 0.18723082542419434, "passed": false}, "9": {"execution_time": 0.16056489944458008, "passed": false}, "10": {"execution_time": 0.1679973602294922, "passed": true}, "11": {"execution_time": 0.1825122833251953, "passed": true}, "12": {"execution_time": 0.16461825370788574, "passed": true}}}, "check_style_score": "0/1"}